4|Dr. A. Senthilselvi|Professor|AIML & AI|M.Tech., Ph.D|senthila3@srmist.edu.in|2025/10/4_T934_SENTHILSELVI.pdf
5|Dr. S. Veena|Professor|IOT & CSBS|M.Tech., Ph.D|veenas1@srmist.edu.in|2025/10/5_TET004-Dr.S.Veena_.pdf
6|Dr.J.Sutha|Professor & HOD/CSE|CSE|M.E., Ph.D.|suthaj@srmist.edu.in|2025/10/6_TET253_Dr.J.Sutha_.pdf
7|Dr.R.Subhashini|Professor|CSE|M. E., Ph. D.,|subhashr2@srmist.edu.in|2025/10/7_TET285-Dr.-Subhashini-R.docx.pdf
8|Dr. N. Sankar Ram|Professor & HOD/AIML, AI|AIML & AI|M. E., Ph. D|sankarrn@srmist.edu.in|2025/10/8_TET331_Dr.N.Sankar-Ram.pdf
9|Dr. Rama Chaitanya Tanguturi|Professor & Vice Principal-Academics|AIML & AI|M.E., Ph.D.|ramachat1@srmist.edu.in|2025/10/9.-Prof-Chaithanya.docx-2-2.pdf
10|Dr. K. Ramesh|Professor|CSE|M.E., Ph.D|rameshk9@srmist.edu.in|2026/07/10_Dr.-K-Ramesh.pdf
11|Dr. J. Shiny Duela|Associate Professor & HOD/CS, GT|CS & GT|M.E., Ph.D.|shinyduj@srmist.edu.in|2025/10/10_Shiny-Duela.pdf
12|Dr.A.Umamageswari|Associate Professor & HOD/BDA, CC|BDA & CC|M.Tech., Ph.D.|umamagea@srmist.edu.in|2025/10/11_T1069-Dr.A.Umamageswari.pdf
13|Dr.Sathya Priya.S|Associate Professor|CS & GT|M.E., Ph.D.|sathyas6@srmist.edu.in|2025/10/101_Ms.-Snekha-Priya-1-1.pdf
14|Dr. M. Azhagiri|Associate Professor|CSE|M.E.,Ph.D.|azhagirm@srmist.edu.in|2025/10/13_T671_AZHAGIRI.docx.pdf
15|Dr. S. S. Subashka Ramesh|Associate Professor|CSE|M.E.,Ph.D.|subashkr@srmist.edu.in|2025/10/14_T731_Dr.S.S.Subashka-Ramesh.pdf
16|Dr.S.Suresh|Associate Professor|CSE|M.Tech., Ph.D.|sureshs12@srmist.edu.in|2025/10/15_CSE_Dr.S.SURESH.pdf
17|Dr.J Faritha Banu|Associate Professor|CSE|M.E.,Ph.D.|farithat@srmist.edu.in|2025/10/16_T1101_Dr.J-Faritha-Banu_CSE.pdf
18|Dr.Amirtha lakshmi.T.M|Associate Professor|CSE|M. Tech.,Ph.D|amirthat@srmist.edu.in|2025/10/17_Dr.Amirthalakshmi.T.M-2.pdf
19|Dr.S.Raja Ratna|Associate Professor|CSE|M.Tech., Ph.D.|rajarats@srmist.edu.in|2025/10/11_T1069-Dr.A.Umamageswari.pdf
20|Dr. Usha Ruby|Associate Professor & HOD/CSBS, IOT|IOT & CSBS|M.E., Ph.D.|usharuba@srmist.edu.in|2025/10/19_Dr.A.Usha-Ruby.pdf
21|Dr.J.Jean Justus|Associate Professor|CSE|M. Tech., Ph. D.,|jeanjusj@srmist.edu.in|2025/10/20_TET284_Dr.J.Jean-Justus.docx.pdf
22|Dr. S.R.Mugunthan|Associate Professor|BDA & CC|M. E., Ph. D|mugunthr@srmist.edu.in|2025/10/21_Dr.S.R.Mugunthan.pdf
23|Dr.S.Manohar|Associate Professor|IOT & CSBS|M.E., Ph.D.,|manohars1@srmist.edu.in|2025/10/22_MANOHAR-S-_TET356.pdf
24|Dr.A.Ranjith Kumar|Associate Professor|CSE|M.Tech., Ph.D.|ranjitha3@srmist.edu.in|2025/10/23_TET369-Dr.A.Ranjith-Kumar.pdf
25|Dr.S.Saravanan|Associate Professor|CS & GT|M. E., Ph. D.|saravans17@srmist.edu.in|2025/10/24_Dr.Saravanan.S.pdf
26|Dr. D. Rajalakshmi|Associate Professor|BDA & CC|M.E, Ph.D|rajalakd2@srmist.edu.in|2025/10/25_TET389_Dr.D.Rajalakshmi.pdf
27|Dr. M. S. Bennet Praba|Assistant Professor (Sl. G)|CSE|M.E., Ph.D|bennetm@srmist.edu.in|2025/10/26_T012-M.S.Bennet-Praba.pdf
28|Dr. M. S. Antony Vigil|Assistant Professor (Sr.G)|CSE|M.E., Ph.D., PDF.,|antonym@srmist.edu.in|2025/10/27_T248_Dr.AntonyVigil-2.pdf
29|Dr. R. Angeline|Assistant Professor (Sl.G)|AIML & AI|M.Tech., Ph.D|angelinr1@srmist.edu.in|2025/12/28_Dr-R-Angeline-24-11-2025.pdf
30|Dr.Deva Hema D|Assistant Professor (Sr.G)|CSE|M.E., Ph.D.|devahemd@srmist.edu.in|2025/10/29_T354-Dr.Deva-Hema.pdf
31|Dr. P. Sabitha|Assistant Professor (O.G)|CSE|M.E., Ph.D|sabithap@srmist.edu.in|2025/10/30_T490_Dr.P.Sabitha.docx.pdf
32|Dr. E. Saraswathi|Assistant Professor (Sr.G)|CSE|M.E., Ph.D.,|saraswae@srmist.edu.in|2025/10/31_T563_Saraswathi.docx.pdf
33|Dr. S. Visnu Dharsini|Assistant Professor (O.G)|CSE|M.E., Ph.D|visnudhs@srmist.edu.in|2025/10/32_CSE_Dr.S.Visnu-Dharsini.pdf
34|Dr. M. Prabu|Assistant Professor (Sr.G)|CSE|M.E., Ph.D|prabum@srmist.edu.in|2025/10/33_T568_Dr.-M.PRABU_.docx.pdf
35|Ms. P. Subashini|Assistant Professor (O.G)|CSE|M.E.|subashini@srmist.edu.in|
36|Ms. J. Gowthamy|Assistant Professor (O.G)|CSE|M.E., (Ph.D)|gowthamj@srmist.edu.in|2025/10/35_J.GOWTHAMY.pdf
37|Ms. S. Aarthi|Assistant Professor (O.G)|CSE|M.E., (Ph.D)|aarthis1@srmist.edu.in|2025/10/36_Ms.S.Aarthi-T656.docx-Google-Docs.pdf
38|Dr. R. Sathya|Assistant Professor (Sr.G)|CSE|M.Tech., Ph.D|sathyar@srmist.edu.in|2025/10/37_Dr.R.Sathya.pdf
39|Dr. M. S. Minu|Assistant Professor (O.G)|BDA & CC|M.E., Ph.D.|minus@srmist.edu.in|2025/10/38_T672_Dr.M-S-MINU.docx.pdf
40|Dr. C. Ashwini|Assistant Professor (O.G)|CSE|M.E., Ph.D|ashwinic@srmist.edu.in|2025/10/39_Dr_C_Ashwini.docx.pdf
41|Dr. S. Sridevi|Assistant Professor (O.G)|BDA & CC|M.E., (Ph.D)|sridevis@srmist.edu.in|2025/10/40_T858_sridevi-1.pdf
42|Dr.K.Ramya|Assistant Professor (O.G)|CS & GT|M.Tech., Ph.D|ramyak2@srmist.edu.in|2025/10/41_CS_GT_Dr.-Ramya-T862-1.pdf
43|Mr.R.Kingsly stephen|Assistant Professor (Sr.G)|CSE|M.E., (Ph.D)|kingslyr1@srmist.edu.in|2025/10/42_T863_Kingsly.docx-1.pdf
44|Ms.Praveena A|Assistant Professor (Sl.G)|CSE|M.Tech., (Ph.D)|praveena@srmist.edu.in|
45|Dr.B.Aarthi|Assistant Professor (O.G)|CSE|M.E., Ph.D|aarthib@srmist.edu.in|2025/10/44-Dr.-Aarthi-B.pdf
46|Dr.B.JudyFlavia|Assistant Professor (O.G)|AIML & AI|M.Tech., Ph.D|judyflab@srmist.edu.in|2025/10/44_JUDY-FLAVIA-B-profile.docx.pdf
47|Ms.Reenie Tanya|Assistant Professor (O.G))|CSE|M.Tech., (Ph.D)|reenietanya@srmist.edu.in|
48|Dr. K. Sivasankari|Assistant Professor (O.G)|CSE|M.E., Ph.D|sivasank1@srmist.edu.in|2026/04/47_Sivasankari.K.pdf
49|Ms. P. Jayalakshmi|Assistant Professor (O.G)|CSE|M.E., (Ph.D)|jayalakp@srmist.edu.in|2025/10/48_T916_P.Jayalakshmi.pdf
50|Dr.R.Bhuvaneswari|Assistant Professor (Sl.G)|CS & GT|M.E., Ph.D.|bhuvaner3@srmist.edu.in|2025/10/49_T1027-Dr.R.BHUVANESWARI.pdf
51|Dr.V.Gowri|Assistant Professor|CS & GT|M.E., Ph.D.|gowriv1@srmist.edu.in|2025/10/142_TET414_V.Gowri_.pdf
52|Dr. N. Suganthi|Assistant Professor|BDA & CC|M.Tech., Ph.D.|suganthn@srmist.edu.in|2025/10/51_T1057-Dr.-N.Suganthi.pdf
53|Dr.S.Deepa|Assistant Professor|BDA & CC|M.E., Ph.D.|deepas1@srmist.edu.in|2025/10/52_T1062_Dr.S.DEEPA_.pdf
54|Dr.S.Menaka|Assistant Professor|CSE|M.E., Ph.D|menakas1@srmist.edu.in|2025/10/53_Dr.S.Menaka.pdf
55|Mr.A.Thiruneelakandan|Assistant Professor|CSE|M.E., (Ph.D)|thirunea@srmist.edu.in|2025/10/54_Thiruneelakandan_Profile.pdf
56|Dr.G.Deena|Assistant Professor|AIML & AI|M.E., Ph.D|deenag@srmist.edu.in|2025/10/55_T1074-Dr.G.Deena_.docx.pdf
57|Dr. S.Sajini|Assistant Professor|AIML & AI|M.E., Ph.D|sajinis@srmist.edu.in|2026/04/56_S.Sajini.pdf
58|Dr. C. Shanmuganathan|Assistant Professor|CSE|M.E., Ph.D.|shanmugc1@srmist.edu.in|2025/10/57_T1093_Dr.Shanmuganathan.docx.pdf
59|Ms.K.Srilekha|Assistant Professor|CSE|M.E|srilekha@srmist.edu.in|
60|Dr.W.Ancy Breen|Assistant Professor|CS & GT|M.Tech., Ph.D|ancybrew@srmist.edu.in|2025/10/59_T1140_Dr.W.-Ancy-Breen.pdf
61|Mr.M.Sadhasivam|Assistant Professor|CSE|M.E., (Ph.D)|sadhasim@srmist.edu.in|2025/10/60-M.Sadhasivam.pdf
62|Mr.A.Vadivelu|Assistant Professor|CSE|M.Tech|vadivela@srmist.edu.in|2025/10/61_VADIVELU.pdf
63|Mr.S.Ezra Vethamani|Assistant Professor|CSE|M.E., (Ph.D)|ezravets@srmist.edu.in|2025/10/62_TET014_Mr_.S.Ezra-Vethamani.docx.pdf
64|Mrs.J.Arthy|Assistant Professor|BDA & CC|M.E., (Ph.D)|arthyj@srmist.edu.in|2025/10/63_TET016_J.Arthy_.pdf
65|Dr.A.Manju|Assistant Professor|CSE|M.E., Ph.D|manjua1@srmist.edu.in|2025/10/64_TET019_Dr.A.Manju_.pdf
66|Mrs.T.Archana|Assistant Professor|BDA & CC|M.E., (Ph.D)|archanat@srmist.edu.in|2025/10/65_T.ARCHANA-2025.pdf
67|Dr.M.Mahasree|Assistant Professor|CSE|M.E., Ph.D|mahasrem@srmist.edu.in|2025/10/66_Dr.M.Mahasree.pdf
68|Dr.S.Rubin Bose|Assistant Professor|AIML & AI|M.E., Ph.D|rubinbos@srmist.edu.in|2025/10/67_TET031_Dr_RUBIN-Profile.pdf
69|Mrs.J.Juslin Sega|Assistant Professor|CS & GT|M.E., Ph.D|juslinsj@srmist.edu.in|2025/10/68_Juslin-sega.pdf.pdf
70|Dr.S.S.Sathya|Assistant Professor|AIML & AI|M.E., Ph.D|sathyas5@srmist.edu.in|2025/10/69_TET040_Dr.S.S.Sathya.docx.pdf
71|Dr.B.Abirami|Assistant Professor|CSE|M. E., Ph.D|abiramis3@srmist.edu.in|2025/10/70_Dr.-B.-Abirami.pdf
72|Dr.K.Sujatha|Assistant Professor|CSE|M.E., Ph.D|sujathak@srmist.edu.in|2025/10/71_Dr.Sujatha-K.pdf
73|Dr.R.Regin|Assistant Professor|AIML & AI|M.E.,Ph.D|reginr@srmist.edu.in|2025/10/72_AIML_Dr.R.Regin_.pdf
74|Mrs.S.Jayabharathi|Assistant Professor|CSE|M.E.,(Ph.D)|jayabhas@srmist.edu.in|2025/10/73_S.JAYABHARATHI.pdf
75|Mrs.R.Rajasaranyakumari|Assistant Professor|CSE|M.E|rajasaranya@srmist.edu.in|
76|Dr. Preethi. D|Assistant Professor|CSE|M.Tech.,Ph.D|preethid1@srmist.edu.in|2025/10/75_Dr.Preethi-D.pdf
77|Dr.G.Gangadevi|Assistant Professor|CSE|M.Tech, Ph.D.|gangadeg@srmist.edu.in|2025/10/76_TET088_Dr.G.Gangadevi.pdf
78|Dr.J.Jospin Jeya|Assistant Professor|CS & GT|M. E, Ph. D|jospinjj@srmist.edu.in|2025/10/77_TET090-Dr.Jospin-Jeya.docx.pdf
79|Dr.C.Saravanan|Assistant Professor|BDA & CC|M.Tech, Ph.D.|saravanc2@srmist.edu.in|2025/10/78_TET094_Dr.-C.-Saravanan.docx.pdf
80|Mrs.M.Chitra|Assistant Professor|CS & GT|M.E., Ph.D|chitram2@srmist.edu.in|2025/10/79_TET098_Chitra-M.docx.pdf
81|Mrs.S.Lakshmi|Assistant Professor|CS & GT|M.E,(Ph.D)|lakshmis9@srmist.edu.in|2025/10/80_TET108_S.-Lakshmi.docx.pdf
82|Ms.S.Abirami|Assistant Professor|CSE|M.E,(Ph.D)|abiramis5@srmist.edu.in|2025/10/81_TET111_S.-Abirami.docx.pdf
83|Ms.K.Subha|Assistant Professor|CSE|M.E,(Ph.D)|subhak4@srmist.edu.in|2025/10/82_subha-k.docx.pdf
84|Dr. J. Cypto|Assistant Professor|BDA & CC|M.E, Ph.D|cyptoj@srmist.edu.in|2026/04/83_J.Cypto_.pdf
85|Ms.Meivezhi.G.D|Assistant Professor|AIML & AI|M.E,(Ph.D)|meivezhg@srmist.edu.in|2025/10/84_TET128_G.D.MEIVEZHI.pdf
86|Ms.S.Kamaleswari|Assistant Professor|CSE|M.E,(Ph.D)|kamaless@srmist.edu.in|2025/10/85_TET-129-_S.Kamaleswari.docx.pdf
87|Ms.Kudiyarasu Devi.C|Assistant Professor|CSE|M.E,(Ph.D)|kudiyarc@srmist.edu.in|2025/10/86_TET132-C.Kudiyarasudevi.docx.pdf
88|Dr.Vinoth R|Assistant Professor|AIML & AI|M.E., Ph.D|vinothr2@srmist.edu.in|2025/10/87_TET141_Dr.VINOTH_R.pdf
89|Mr.K.Rajesh|Assistant Professor|CSE|M. Tech., (Ph.D)|rajeshk2@srmist.edu.in|2025/10/88_TET144_K.Rajesh.docx.pdf
90|Dr.R.Nagalakshmi|Assistant Professor|CSE|M.E., Ph.D|nagalakr1@srmist.edu.in|2025/10/89_TET148_Dr.R.Nagalakshmi.docx.pdf
91|Dr.M.B.Sudhan|Assistant Professor|CSE|M.Tech, Ph.D.|sudhanm@srmist.edu.in|2025/10/90_TET149-Dr.Sudhan.M.B.docx.pdf
92|Dr.U.Surendar|Assistant Professor|IOT & CSBS|M.E., Ph.D.|surendau@srmist.edu.in|2025/10/91_TET155_Dr.U.Surendar.pdf
93|Dr.Nithisha.J|Assistant Professor|CSE|M.E., Ph.D.|nithishj@srmist.edu.in|2025/10/92_Dr.Nithisha-J.pdf
94|Dr.B.Deepa|Assistant Professor|AIML & AI|M.E., Ph.D.|deepab@srmist.edu.in|2025/10/93_TET157_Dr.B.DEEPA_.docx.pdf
95|Dr.T.Tamilselvi|Assistant Professor|CSE|M.E., Ph.D.|tamilset@srmist.edu.in|2025/10/94_TET168_Dr.T.Tamilselvi.pdf
96|Ms. M Beula Kutti|Assistant Professor|AIML & AI|M.E,.(Ph.D)|beulakum@srmist.edu.in|2025/10/95_M-BEULA.pdf
97|Dr.V.Nivedita|Assistant Professor|CSE|M.E.,Ph.D.|niveditv1@srmist.edu.in|2025/10/96_TET174-Dr.V.Nivedita.docx.pdf
98|Mr.A.Madhu|Assistant Professor|CSE|M. E.|madhua@srmist.edu.in|2025/10/97_A.-Madhu-1.pdf
99|Dr.R.Rajesh Kanna|Assistant Professor|CSE|M.E.,Ph.D|rajeshkr1@srmist.edu.in|2025/10/98_TET179_RAJESH-KANNA-PROFILE.pdf
100|Mr.B.Hariharan|Assistant Professor|CS & GT|M.Tech|hariharb1@srmist.edu.in|2025/10/99_Mr.-Hariharan.B-1.pdf
101|Dr. GV. Shrichandran|Assistant Professor|CSE|M.E., Ph.D|shrichag@srmist.edu.in|2025/10/100_TET216_Dr.-Shrichandran-GV.pdf
102|Mrs.M.Sneha Priya|Assistant Professor|CS & GT|M. E., (Ph.D)|snehaprm1@srmist.edu.in|2025/10/101_Ms.-Snekha-Priya-1-2.pdf
103|Ms.Srinarayani.K|Assistant Professor|AIML & AI|M. E., (Ph.D)|srinarak@srmist.edu.in|2025/10/102_TET220_SRINARAYANI.K.pdf
104|Dr.A.Sandhya|Assistant Professor|AIML & AI|M.Tech., Ph.D|sandhyaa@srmist.edu.in|2025/10/103_TET224_Dr.A.Sandhya.docx.pdf
105|Ms.S.Vaishnavii|Assistant Professor|CSE|M. E., (Ph.D)|vaishnas1@srmist.edu.in|2025/10/TET236-_S.VAISHNAVII.pdf
106|Dr.G.Indhumathi|Assistant Professor|CSE|M.E.,Ph.D|indumatg2@srmist.edu.in|2026/04/105_Dr.G.Indumathi.pdf
107|Ms.R.Swathi|Assistant Professor|AIML & AI|M. E., (Ph.D)|swathir2@srmist.edu.in|2025/10/106_Ms.-R.Swathi.pdf
108|Ms.V.Mahavaishnavi|Assistant Professor|CSE|M. E., (Ph.D)|mahavaiv@srmist.edu.in|2025/10/107_Ms.-V.-Mahavaishnavi.pdf
109|Dr.R.M.R.Shamija Sherryl|Assistant Professor|CSE|M.E., Ph.D.|shamijar@srmist.edu.in|2025/10/108_TET-254_Dr.R.M.R.SHAMIJA-SHERRYL.docx.pdf
110|Mr.Sachin Aditiya.B|Assistant Professor|CSE|M. Tech.,|sachinab@srmist.edu|2025/10/109_Sachin_Aditiya.B.docx-1.pdf
111|Dr. Adlene Ebenezer. P|Assistant Professor|CSE|M. E., Ph. D.,|adleneep2@srmist.edu.in|2025/10/110_TET258_Adlene-Ebenezer-P.docx.pdf
112|Mrs. Malathi. P|Assistant Professor|CSE|M. E., (Ph. D).,|malathip@srmist.edu.in|2025/10/111_Ms-Malathi-P.pdf
113|Dr. Revathy. S|Assistant Professor|CS & GT|M. E., Ph. D.,|revathys2@srmist.edu.in|2025/10/112_TET269_Dr-Revathy.pdf
114|Dr. R. Sujeetha|Assistant Professor|CSE|M. E., Ph. D|sujeethr2@srmist.edu.in|2025/10/113_TET272_Dr-R-SUJEETHA_PROFILE.docx.pdf
115|Dr. C. S. Sasireka|Assistant Professor|CSE|M. E., Ph. D.,|sasirekc@srmist.edu.in|2025/10/114_SASIREKA.C.S_FAC-PROFILE.docx.pdf
116|Mrs. Vaishnavi. R|Assistant Professor|AIML & AI|M. E., (Ph.D)|vaishnar5@srmist.edu.in|2025/10/115_TET287_Vaishnavi-R_2025.docx.pdf
117|Ms. Nikitha M Kurian|Assistant Professor|AIML & AI|M. Tech., (Ph.D)|nikithak@srmist.edu.in|2025/10/116_Nikitha_.pdf
118|Dr. Geetha T V|Assistant Professor|IOT & CSBS|M. E., Ph. D.,|geethat@srmist.edu.in|2025/10/117_TET298_Dr.-Geetha-T-V-Profile.docx.pdf
119|Dr. Sahaya Sakila. V|Assistant Professor|CSE|M. E., Ph. D.,|sahayasv2@srmist.edu.in|2025/10/118_TET295_Dr-SAHAYA-SAKILA-V-Profile.docx.pdf
120|Mr. C. Santhosh Kumar|Assistant Professor|CSE|M.E., (Ph.D)|santhosc2@srmist.edu.in|2025/10/119_TET303_C-SANTHOSH-KUMAR-PROFILE.docx.pdf
121|Mrs. Geetha C|Assistant Professor|CSE|M. Tech.,|geethac@srmist.edu.in|2025/10/120_TET304-_Geetha-C.docx.pdf
122|Ms. S.Nalini Poornima|Assistant Professor|AIML & AI|M.Tech., (Ph.D)|nalinips@srmist.edu.in|2025/10/121_TET310_NALINI-POORNIMA.docx.pdf
123|Dr. S. Nancy Lima Christy|Assistant Professor|CSE|M.E., Ph.D|nancylis@srmist.edu.in|2026/04/122_NANCY.pdf
124|Ms. M. Devika|Assistant Professor|CSE|M.E., (Ph.D)|devikam@srmist.edu.in|2025/10/123_TET312_M.-DEVIKA.docx.pdf
125|Ms. Sowmiya Sree C|Assistant Professor|CS & GT|M. Tech.,(Ph.D)|sowmiyac@srmist.edu.in|2025/10/124_TET313_Sowmiya-Sree-C.docx.pdf
126|Ms.Ramaprabha M|Assistant Professor|CSE|M.E., (Ph.D)|ramapram@srmist.edu.in|2025/10/125_TET315_Ramaprabha_profile.pdf
127|Ms. Harini B|Assistant Professor|CSE|M.E., (Ph.D.)|harinib@srmist.edu.in|2025/10/126_TET-316-B.Harini.docx.pdf
128|Ms. Chandrakala S|Assistant Professor|CSE|M.E., (Ph.D.)|chandras13@srmist.edu.in|2025/10/127_TET-317-S.CHANDRAKALA.docx.pdf
129|Dr. R. Bharathi|Assistant Professor|CSE|M. E., Ph. D|bharathr9@srmist.edu.in|2025/10/128_TET332_DR.R.BHARATHI.pdf
130|Dr.T K S Rathish Babu|Assistant Professor|IOT & CSBS|M. E., Ph. D|rathisht@srmist.edu.in|2025/10/129_TET334-DR.T.K.S.RATHISH-BABU-1.pdf
131|Dr. L. Madhuridevi|Assistant Professor|IOT & CSBS|M.E., Ph.D|madhuril@srmist.edu.in|2025/10/130_TET345-Dr.L.Madhuridevi.docx.pdf
132|Dr. R.Arunkumar|Assistant Professor|IOT & CSBS|M. Tech., Ph.D.|arunkumr2@srmist.edu.in|2025/10/131_TET348-Dr.-R.-Arunkumar.pdf
133|Dr. P. Rajeswari|Assistant Professor|BDA & CC|M.E., Ph.D.|rajeswap3@srmist.edu.in|2025/10/132_TET358_Dr.P.Rajeswari.pdf
134|Dr. Snofy D Dunston|Assistant Professor|CS & GT|M.E., Ph.D.|snofydd@srmist.edu.in|2025/12/133_TET363_Snofy-Dunston.docx.pdf
135|Dr. Saravanapriya Manoharan|Assistant Professor|AIML & AI|M.E., Ph.D.|saravanm16@srmist.edu.in|2025/10/134_TET-366_Dr.-Saravanapriya-Manoharan.docx.pdf
136|Dr. Mohan. M|Assistant Professor|AIML & AI|M.Tech., Ph.D.|mohanm6@srmist.edu.in|2025/10/135_TET370_Dr-Mohan-M-_SRM.pdf
137|Mrs. R. Lakshmi|Assistant Professor|CSE|M.Tech., (Ph.D)|lakshmir14@srmist.edu.in|2025/10/136_TET362_R.Lakshmi.docx.pdf
138|Dr. Mageshkumar .N|Assistant Professor|CS & GT|M.Tech., Ph.D|mageshnk@srmist.edu.in|2025/10/137_TET390_Dr.Mageshkumar-.-N.pdf
139|Dr. G. Sumathi|Assistant Professor|BDA & CC|M.Tech., Ph.D.|sumathig1@srmist.edu.in|2026/08/139_TET393_G.-Sumathi.pdf
140|Mrs. R. Shanmuga Priya|Assistant Professor|CS & GT|M.E., (Ph.D)|shanmugr2@srmist.edu.in|2025/10/139_TET407_R.-Shanmuga-Priya.docx.pdf
141|Dr. R. Poorni|Assistant Professor|AIML & AI|M.E., Ph.D|poornir@srmist.edu.in|2025/10/140_TET406_Poorni.docx.pdf
142|Mrs. S. Daphne|Assistant Professor|AIML & AI|M.Tech., (Ph.D)|daphnes@srmist.edu.in|2025/10/141_TET408_S_Daphne.pdf
143|Dr. V. Gowri|Assistant Professor|BDA & CC|M.E., Ph.D.|gowriv2@srmist.edu.in|2026/08/143_TET414_V.Gowri_.pdf
144|Dr.Shaamili Varsa.G.V|Assistant Professor|CS & GT|M.E., Ph.D|shaamilg1@srmist.edu.in|2025/10/143_TET418_Shaamili-Varsa.pdf
145|Dr. Jananee. V|Assistant Professor|AIML & AI|M.E., Ph.D|jananeev@srmist.edu.in|2026/04/144_Dr.Jananee.pdf
146|Dr. P.C. Sarah Prithvika|Assistant Professor|BDA & CC|M.E., Ph. D|pcsarahp@srmist.edu.in|2026/08/146_TET427_P.C.-Sarah-Prithvika.pdf
147|Dr. Muneeswaran. V|Assistant Professor|CSE|M.E., Ph.D|muneeswv@srmist.edu.in|2026/07/147_Dr.Muneeshwaran.pdf
148|Dr. Deepika|Assistant Professor|CSE|M.Tech., Ph.D|deepikag1@srmist.edu.in|2026/07/148_Dr.-Deepika.pdf
149|Dr. Banupriya. N|Assistant Professor|CSE|M.E., Ph.D|banuprin@srmist.edu.in|2026/07/149_Dr.-Banupriya.N.pdf
150|Mr. PM Suresh|Assistant Professor|BDA & CC|M.Tech.,(Ph.D)|sureshp7@srmist.edu.in|2026/08/150_TET468_PM-Suresh.pdf
151|Dr. M. Jeevitha|Assistant Professor|BDA & CC|M.E., Ph.D.|jeevithm5@srmist.edu.in|2026/08/151_TET476_Jeevitha.pdf
152|Dr. N. Kannammal|Assistant Professor|BDA & CC|M.Tech., Ph.D.|kannammn@srmist.edu.in|2026/08/152_TET496-Dr.N.kannammal.pdf
